<?xml version="1.0" encoding="UTF-8"?>

<!-- 
Developed by Dextra Technologies www.dextratech.com 
-->

<beans xmlns="http://www.springframework.org/schema/beans" xmlns:xsi="http://www.w3.org/2001/XMLSchema-instance"
       xmlns:context="http://www.springframework.org/schema/context"
       xsi:schemaLocation="http://www.springframework.org/schema/beans http://www.springframework.org/schema/beans/spring-beans-3.0.xsd
       http://www.springframework.org/schema/context http://www.springframework.org/schema/context/spring-context.xsd"
       default-lazy-init="true">

    <!-- Activates scanning of @Autowired -->
    <context:annotation-config/>

    <!-- Activates scanning of @Repository and @Service -->
    <context:component-scan base-package="com.dextratech.dtf"/>

    <bean id="propertyConfigurer" class="org.springframework.beans.factory.config.PropertyPlaceholderConfigurer">
        <property name="ignoreUnresolvablePlaceholders" value="true"/>
        <property name="locations">
            <list>
                <value>classpath:jdbc.properties</value>
            </list>
        </property>
    </bean>

    <bean id="dataSource" class="org.apache.commons.dbcp.BasicDataSource" destroy-method="close">
        <property name="driverClassName" value="${jdbc.driverClassName}"/>
        <property name="url" value="${jdbc.url}"/>
        <property name="username" value="${jdbc.username}"/>
        <property name="password" value="${jdbc.password}"/>
        <property name="maxActive" value="100"/>
        <property name="maxWait" value="1000"/>
        <property name="poolPreparedStatements" value="true"/>
        <property name="defaultAutoCommit" value="true"/>
    </bean>
    
</beans>