<?xml version="1.0" encoding="ISO-8859-1"?>
<project name="DTF Report">
	<!-- SKINS -->
	<!-- maven-application-skin 1.0 -->
	<!-- maven-classic-skin 1.1 -->
	<!-- maven-default-skin 1.1 -->
	<!-- maven-stylus-skin 1.5 -->
	<!-- maven-fluido-skin 1.3.0 -->
	<skin>
		<groupId>org.apache.maven.skins</groupId>
		<artifactId>maven-stylus-skin</artifactId>
		<version>1.5</version>
	</skin>

	<publishDate format="dd/MM/yyyy" />
	<version position="left" />
	<bannerLeft>
		<src>images/logo_dextratechnologies.png</src>
		<href>http://www.dextratech.com/</href>
	</bannerLeft>
	<poweredBy>
		<logo name="Maven" href="http://maven.apache.org/"
			img="http://maven.apache.org/images/logos/maven-feather.png" />
	</poweredBy>
	<body>
		<head>
			<script src="scripts/jquery-1.7.2.min.js" type="text/javascript" />
			<script src="scripts/functions.js" type="text/javascript" />
		</head>
		<links>
			<item name="Dextra Technologies" href="http://www.dextratech.com/" />
			<item name="Apache" href="http://www.apache.org/" />
		</links>

		<menu name="Overview">
			<item name="DTF Report" href="surefire-report.html" />
			<item name="Introduction" href="index.html" />
		</menu>
		<menu ref="reports" />
	</body>
</project>